Time,Name,State,PID,PPID,PGRP,AvgCPUPerc,CurCPUPerc,MinFlt,MajFlt,UserTimeJiffies,SystemTimeJiffies,UserTimePerc,SystemTimePerc,Priority,Nice,Threads,StartTimeJiffies,RunTimeSecs,VmPeakkB,VmSizekB,VmLckkB,VmHWMkB,VmRsskB,VmSwapkB,TotReadBytes,CurReadBytesPerSec,TotReadBytesStorage,CurReadBytesStoragePerSec,TotWrittenBytes,CurWrittenBytesPerSec,TotWrittenBytesStorage,CurWrittenBytesStoragePerSec,TotReadCalls,CurReadCalls,TotWriteCalls,CurWriteCalls
869.650201350,audria,R,4523,4522,4522,0.00,0.0,31,0,0,0,-nan,-nan,20,0,1,86964,0.01,4,4,0,4,4,0,1524,0.0,131072,0.0,0,0.0,0,0.0,5,0.0,0,0.0
869.750261726,FluidGamelan,S,4523,4522,4522,18.18,19.99,2134,48,1,1,50.00,50.00,20,0,3,86964,0.11,179004,114140,1780,18628,18608,0,1912418,19097409.75,5476352,53420546.81,112,1119.32,0,0.00,124,1189.28,9,89.95
869.850429745,FluidGamelan,S,4523,4522,4522,9.52,0.00,2137,48,1,1,50.00,50.00,20,0,3,86964,0.21,179004,114140,1780,18628,18608,0,1912418,0.00,5476352,0.00,112,0.00,0,0.00,124,0.00,9,0.00
869.950664221,FluidGamelan,S,4523,4522,4522,6.45,0.00,2137,48,1,1,50.00,50.00,20,0,3,86964,0.31,179004,114140,1780,18628,18608,0,1912418,0.00,5476352,0.00,112,0.00,0,0.00,124,0.00,9,0.00
870.050589519,FluidGamelan,S,4523,4522,4522,4.88,0.00,2137,48,1,1,50.00,50.00,20,0,3,86964,0.41,179004,114140,1780,18628,18608,0,1912418,0.00,5476352,0.00,112,0.00,0,0.00,124,0.00,9,0.00
870.150446631,FluidGamelan,S,4523,4522,4522,3.92,0.00,2137,48,1,1,50.00,50.00,20,0,3,86964,0.51,179004,114140,1780,18628,18608,0,1912418,0.00,5476352,0.00,112,0.00,0,0.00,124,0.00,9,0.00
870.250349420,FluidGamelan,S,4523,4522,4522,3.28,0.00,2137,48,1,1,50.00,50.00,20,0,3,86964,0.61,179004,114140,1780,18628,18608,0,1912418,0.00,5476352,0.00,112,0.00,0,0.00,124,0.00,9,0.00
870.350301010,FluidGamelan,S,4523,4522,4522,2.82,0.00,2137,48,1,1,50.00,50.00,20,0,3,86964,0.71,179004,114140,1780,18628,18608,0,1912418,0.00,5476352,0.00,112,0.00,0,0.00,124,0.00,9,0.00
870.450302590,FluidGamelan,S,4523,4522,4522,2.47,0.00,2137,48,1,1,50.00,50.00,20,0,3,86964,0.81,179004,114140,1780,18628,18608,0,1912418,0.00,5476352,0.00,112,0.00,0,0.00,124,0.00,9,0.00
870.550534510,FluidGamelan,S,4523,4522,4522,2.20,0.00,2137,48,1,1,50.00,50.00,20,0,3,86964,0.91,179004,114140,1780,18628,18608,0,1912418,0.00,5476352,0.00,112,0.00,0,0.00,124,0.00,9,0.00
870.650772948,FluidGamelan,S,4523,4522,4522,1.98,0.00,2137,48,1,1,50.00,50.00,20,0,3,86964,1.01,179004,114140,1780,18628,18608,0,1912418,0.00,5476352,0.00,112,0.00,0,0.00,124,0.00,9,0.00
870.750310844,FluidGamelan,S,4523,4522,4522,1.80,0.00,2141,48,1,1,50.00,50.00,20,0,3,86964,1.11,179004,114140,1780,18628,18608,0,1912418,0.00,5476352,0.00,217,1054.87,0,0.00,124,0.00,11,20.09
870.850342162,FluidGamelan,S,4523,4522,4522,1.65,0.00,2141,48,1,1,50.00,50.00,20,0,3,86964,1.21,179004,114140,1780,18628,18608,0,1912418,0.00,5476352,0.00,217,0.00,0,0.00,124,0.00,11,0.00
870.950319211,FluidGamelan,S,4523,4522,4522,1.53,0.00,2141,48,1,1,50.00,50.00,20,0,3,86964,1.31,179004,114140,1780,18628,18608,0,1912418,0.00,5476352,0.00,217,0.00,0,0.00,124,0.00,11,0.00
871.050322901,FluidGamelan,S,4523,4522,4522,1.42,0.00,2141,48,1,1,50.00,50.00,20,0,3,86964,1.41,179004,114140,1780,18628,18608,0,1912418,0.00,5476352,0.00,217,0.00,0,0.00,124,0.00,11,0.00
871.150362041,FluidGamelan,S,4523,4522,4522,1.32,0.00,2141,48,1,1,50.00,50.00,20,0,3,86964,1.51,179004,114140,1780,18628,18608,0,1912418,0.00,5476352,0.00,217,0.00,0,0.00,124,0.00,11,0.00
871.250331065,FluidGamelan,S,4523,4522,4522,1.24,0.00,2141,48,1,1,50.00,50.00,20,0,3,86964,1.61,179004,114140,1780,18628,18608,0,1912418,0.00,5476352,0.00,217,0.00,0,0.00,124,0.00,11,0.00
871.350323021,FluidGamelan,S,4523,4522,4522,1.17,0.00,2141,48,1,1,50.00,50.00,20,0,3,86964,1.71,179004,114140,1780,18628,18608,0,1912418,0.00,5476352,0.00,217,0.00,0,0.00,124,0.00,11,0.00
871.450341389,FluidGamelan,S,4523,4522,4522,1.10,0.00,2141,48,1,1,50.00,50.00,20,0,3,86964,1.81,179004,114140,1780,18628,18608,0,1912418,0.00,5476352,0.00,217,0.00,0,0.00,124,0.00,11,0.00
871.550303317,FluidGamelan,S,4523,4522,4522,1.05,0.00,2141,48,1,1,50.00,50.00,20,0,3,86964,1.91,179004,114140,1780,18628,18608,0,1912418,0.00,5476352,0.00,217,0.00,0,0.00,124,0.00,11,0.00
871.650487228,FluidGamelan,S,4523,4522,4522,1.00,0.00,2141,48,1,1,50.00,50.00,20,0,3,86964,2.01,179004,114140,1780,18628,18608,0,1912418,0.00,5476352,0.00,217,0.00,0,0.00,124,0.00,11,0.00
871.750266041,FluidGamelan,S,4523,4522,4522,0.95,0.00,2141,48,1,1,50.00,50.00,20,0,3,86964,2.11,179004,114140,1780,18628,18608,0,1912418,0.00,5476352,0.00,322,1052.33,0,0.00,124,0.00,13,20.04
871.850527426,FluidGamelan,S,4523,4522,4522,0.90,0.00,2141,48,1,1,50.00,50.00,20,0,3,86964,2.21,179004,114140,1780,18628,18608,0,1912418,0.00,5476352,0.00,322,0.00,0,0.00,124,0.00,13,0.00
871.950516740,FluidGamelan,S,4523,4522,4522,0.87,0.00,2141,48,1,1,50.00,50.00,20,0,3,86964,2.31,179004,114140,1780,18628,18608,0,1912418,0.00,5476352,0.00,322,0.00,0,0.00,124,0.00,13,0.00
872.050566572,FluidGamelan,S,4523,4522,4522,0.83,0.00,2141,48,1,1,50.00,50.00,20,0,3,86964,2.41,179004,114140,1780,18628,18608,0,1912418,0.00,5476352,0.00,322,0.00,0,0.00,124,0.00,13,0.00
872.150547223,FluidGamelan,S,4523,4522,4522,0.80,0.00,2141,48,1,1,50.00,50.00,20,0,3,86964,2.51,179004,114140,1780,18628,18608,0,1912418,0.00,5476352,0.00,322,0.00,0,0.00,124,0.00,13,0.00
872.250752242,FluidGamelan,S,4523,4522,4522,0.77,0.00,2141,48,1,1,50.00,50.00,20,0,3,86964,2.61,179004,114140,1780,18628,18608,0,1912418,0.00,5476352,0.00,322,0.00,0,0.00,124,0.00,13,0.00
872.350736699,FluidGamelan,S,4523,4522,4522,0.74,0.00,2141,48,1,1,50.00,50.00,20,0,3,86964,2.71,179004,114140,1780,18628,18608,0,1912418,0.00,5476352,0.00,322,0.00,0,0.00,124,0.00,13,0.00
872.450767357,FluidGamelan,S,4523,4522,4522,0.71,0.00,2141,48,1,1,50.00,50.00,20,0,3,86964,2.81,179004,114140,1780,18628,18608,0,1912418,0.00,5476352,0.00,322,0.00,0,0.00,124,0.00,13,0.00
872.550388953,FluidGamelan,S,4523,4522,4522,0.69,0.00,2141,48,1,1,50.00,50.00,20,0,3,86964,2.91,179004,114140,1780,18628,18608,0,1912418,0.00,5476352,0.00,322,0.00,0,0.00,124,0.00,13,0.00
872.650664223,FluidGamelan,S,4523,4522,4522,0.66,0.00,2141,48,1,1,50.00,50.00,20,0,3,86964,3.01,179004,114140,1780,18628,18608,0,1912418,0.00,5476352,0.00,322,0.00,0,0.00,124,0.00,13,0.00
872.750341013,FluidGamelan,S,4523,4522,4522,0.64,0.00,2141,48,1,1,50.00,50.00,20,0,3,86964,3.11,179004,114140,1780,18628,18608,0,1912418,0.00,5476352,0.00,427,1053.40,0,0.00,124,0.00,15,20.06
872.850730083,FluidGamelan,S,4523,4522,4522,0.62,0.00,2141,48,1,1,50.00,50.00,20,0,3,86964,3.21,179004,114140,1780,18628,18608,0,1912418,0.00,5476352,0.00,427,0.00,0,0.00,124,0.00,15,0.00
872.950759042,FluidGamelan,S,4523,4522,4522,0.60,0.00,2141,48,1,1,50.00,50.00,20,0,3,86964,3.31,179004,114140,1780,18628,18608,0,1912418,0.00,5476352,0.00,427,0.00,0,0.00,124,0.00,15,0.00
873.050641293,FluidGamelan,S,4523,4522,4522,0.59,0.00,2141,48,1,1,50.00,50.00,20,0,3,86964,3.41,179004,114140,1780,18628,18608,0,1912418,0.00,5476352,0.00,427,0.00,0,0.00,124,0.00,15,0.00
873.150559801,FluidGamelan,S,4523,4522,4522,0.57,0.00,2141,48,1,1,50.00,50.00,20,0,3,86964,3.51,179004,114140,1780,18628,18608,0,1912418,0.00,5476352,0.00,427,0.00,0,0.00,124,0.00,15,0.00
873.250468985,FluidGamelan,S,4523,4522,4522,0.55,0.00,2141,48,1,1,50.00,50.00,20,0,3,86964,3.61,179004,114140,1780,18628,18608,0,1912418,0.00,5476352,0.00,427,0.00,0,0.00,124,0.00,15,0.00
873.350772350,FluidGamelan,S,4523,4522,4522,0.54,0.00,2141,48,1,1,50.00,50.00,20,0,3,86964,3.71,179004,114140,1780,18628,18608,0,1912418,0.00,5476352,0.00,427,0.00,0,0.00,124,0.00,15,0.00
873.450785344,FluidGamelan,S,4523,4522,4522,0.52,0.00,2141,48,1,1,50.00,50.00,20,0,3,86964,3.81,179004,114140,1780,18628,18608,0,1912418,0.00,5476352,0.00,427,0.00,0,0.00,124,0.00,15,0.00
873.550764894,FluidGamelan,S,4523,4522,4522,0.51,0.00,2141,48,1,1,50.00,50.00,20,0,3,86964,3.91,179004,114140,1780,18628,18608,0,1912418,0.00,5476352,0.00,427,0.00,0,0.00,124,0.00,15,0.00
873.650298266,FluidGamelan,S,4523,4522,4522,0.50,0.00,2141,48,1,1,50.00,50.00,20,0,3,86964,4.01,179004,114140,1780,18628,18608,0,1912418,0.00,5476352,0.00,427,0.00,0,0.00,124,0.00,15,0.00
873.750346348,FluidGamelan,S,4523,4522,4522,0.49,0.00,2141,48,1,1,50.00,50.00,20,0,3,86964,4.11,179004,114140,1780,18628,18608,0,1912418,0.00,5476352,0.00,532,1049.50,0,0.00,124,0.00,17,19.99
873.850498254,FluidGamelan,S,4523,4522,4522,0.48,0.00,2141,48,1,1,50.00,50.00,20,0,3,86964,4.21,179004,114140,1780,18628,18608,0,1912418,0.00,5476352,0.00,532,0.00,0,0.00,124,0.00,17,0.00
873.950274223,FluidGamelan,S,4523,4522,4522,0.46,0.00,2141,48,1,1,50.00,50.00,20,0,3,86964,4.31,179004,114140,1780,18628,18608,0,1912418,0.00,5476352,0.00,532,0.00,0,0.00,124,0.00,17,0.00
874.050638479,FluidGamelan,S,4523,4522,4522,0.45,0.00,2141,48,1,1,50.00,50.00,20,0,3,86964,4.41,179004,114140,1780,18628,18608,0,1912418,0.00,5476352,0.00,532,0.00,0,0.00,124,0.00,17,0.00
874.150512082,FluidGamelan,S,4523,4522,4522,0.44,0.00,2141,48,1,1,50.00,50.00,20,0,3,86964,4.51,179004,114140,1780,18628,18608,0,1912418,0.00,5476352,0.00,532,0.00,0,0.00,124,0.00,17,0.00
874.250747221,FluidGamelan,S,4523,4522,4522,0.43,0.00,2141,48,1,1,50.00,50.00,20,0,3,86964,4.61,179004,114140,1780,18628,18608,0,1912418,0.00,5476352,0.00,532,0.00,0,0.00,124,0.00,17,0.00
874.350467000,FluidGamelan,S,4523,4522,4522,0.42,0.00,2141,48,1,1,50.00,50.00,20,0,3,86964,4.71,179004,114140,1780,18628,18608,0,1912418,0.00,5476352,0.00,532,0.00,0,0.00,124,0.00,17,0.00
874.450453751,FluidGamelan,S,4523,4522,4522,0.42,0.00,2141,48,1,1,50.00,50.00,20,0,3,86964,4.81,179004,114140,1780,18628,18608,0,1912418,0.00,5476352,0.00,532,0.00,0,0.00,124,0.00,17,0.00
874.550510719,FluidGamelan,S,4523,4522,4522,0.41,0.00,2141,48,1,1,50.00,50.00,20,0,3,86964,4.91,179004,114140,1780,18628,18608,0,1912418,0.00,5476352,0.00,532,0.00,0,0.00,124,0.00,17,0.00
874.650680167,FluidGamelan,S,4523,4522,4522,0.40,0.00,2141,48,1,1,50.00,50.00,20,0,3,86964,5.01,179004,114140,1780,18628,18608,0,1912418,0.00,5476352,0.00,532,0.00,0,0.00,124,0.00,17,0.00
874.750278854,FluidGamelan,S,4523,4522,4522,0.39,0.00,2141,48,1,1,50.00,50.00,20,0,3,86964,5.11,179004,114140,1780,18628,18608,0,1912418,0.00,5476352,0.00,637,1054.23,0,0.00,124,0.00,19,20.08
874.850628938,FluidGamelan,S,4523,4522,4522,0.38,0.00,2141,48,1,1,50.00,50.00,20,0,3,86964,5.21,179004,114140,1780,18628,18608,0,1912418,0.00,5476352,0.00,637,0.00,0,0.00,124,0.00,19,0.00
874.950464618,FluidGamelan,S,4523,4522,4522,0.38,0.00,2141,48,1,1,50.00,50.00,20,0,3,86964,5.31,179004,114140,1780,18628,18608,0,1912418,0.00,5476352,0.00,637,0.00,0,0.00,124,0.00,19,0.00
875.050483103,FluidGamelan,S,4523,4522,4522,0.37,0.00,2141,48,1,1,50.00,50.00,20,0,3,86964,5.41,179004,114140,1780,18628,18608,0,1912418,0.00,5476352,0.00,637,0.00,0,0.00,124,0.00,19,0.00
875.150638009,FluidGamelan,S,4523,4522,4522,0.36,0.00,2141,48,1,1,50.00,50.00,20,0,3,86964,5.51,179004,114140,1780,18628,18608,0,1912418,0.00,5476352,0.00,637,0.00,0,0.00,124,0.00,19,0.00
875.250697418,FluidGamelan,S,4523,4522,4522,0.36,0.00,2141,48,1,1,50.00,50.00,20,0,3,86964,5.61,179004,114140,1780,18628,18608,0,1912418,0.00,5476352,0.00,637,0.00,0,0.00,124,0.00,19,0.00
875.350457984,FluidGamelan,S,4523,4522,4522,0.35,0.00,2141,48,1,1,50.00,50.00,20,0,3,86964,5.71,179004,114140,1780,18628,18608,0,1912418,0.00,5476352,0.00,637,0.00,0,0.00,124,0.00,19,0.00
875.450689070,FluidGamelan,S,4523,4522,4522,0.34,0.00,2141,48,1,1,50.00,50.00,20,0,3,86964,5.81,179004,114140,1780,18628,18608,0,1912418,0.00,5476352,0.00,637,0.00,0,0.00,124,0.00,19,0.00
875.550737420,FluidGamelan,S,4523,4522,4522,0.34,0.00,2141,48,1,1,50.00,50.00,20,0,3,86964,5.91,179004,114140,1780,18628,18608,0,1912418,0.00,5476352,0.00,637,0.00,0,0.00,124,0.00,19,0.00
875.650562651,FluidGamelan,S,4523,4522,4522,0.33,0.00,2141,48,1,1,50.00,50.00,20,0,3,86964,6.01,179004,114140,1780,18628,18608,0,1912418,0.00,5476352,0.00,637,0.00,0,0.00,124,0.00,19,0.00
875.750251236,FluidGamelan,S,4523,4522,4522,0.49,10.03,2165,48,1,2,33.33,66.67,20,0,2,86964,6.11,245212,179604,1780,18988,18988,0,1912418,0.00,5476352,0.00,1001,3651.37,0,0.00,124,0.00,31,120.37
875.850732178,FluidGamelan,S,4523,4522,4522,0.48,0.00,2165,48,1,2,33.33,66.67,20,0,2,86964,6.21,245212,179604,1780,18988,18988,0,1912418,0.00,5476352,0.00,1001,0.00,0,0.00,124,0.00,31,0.00
875.950546702,FluidGamelan,S,4523,4522,4522,0.48,0.00,2165,48,1,2,33.33,66.67,20,0,2,86964,6.31,245212,179604,1780,18988,18988,0,1912418,0.00,5476352,0.00,1001,0.00,0,0.00,124,0.00,31,0.00
876.050735777,FluidGamelan,S,4523,4522,4522,0.47,0.00,2165,48,1,2,33.33,66.67,20,0,2,86964,6.41,245212,179604,1780,18988,18988,0,1912418,0.00,5476352,0.00,1001,0.00,0,0.00,124,0.00,31,0.00
876.150734018,FluidGamelan,S,4523,4522,4522,0.46,0.00,2165,48,1,2,33.33,66.67,20,0,2,86964,6.51,245212,179604,1780,18988,18988,0,1912418,0.00,5476352,0.00,1001,0.00,0,0.00,124,0.00,31,0.00
876.250510500,FluidGamelan,S,4523,4522,4522,0.45,0.00,2165,48,1,2,33.33,66.67,20,0,2,86964,6.61,245212,179604,1780,18988,18988,0,1912418,0.00,5476352,0.00,1001,0.00,0,0.00,124,0.00,31,0.00
876.350700441,FluidGamelan,S,4523,4522,4522,0.45,0.00,2165,48,1,2,33.33,66.67,20,0,2,86964,6.71,245212,179604,1780,18988,18988,0,1912418,0.00,5476352,0.00,1001,0.00,0,0.00,124,0.00,31,0.00
876.450311113,FluidGamelan,S,4523,4522,4522,0.44,0.00,2165,48,1,2,33.33,66.67,20,0,2,86964,6.81,245212,179604,1780,18988,18988,0,1912418,0.00,5476352,0.00,1001,0.00,0,0.00,124,0.00,31,0.00
876.550478018,FluidGamelan,S,4523,4522,4522,0.43,0.00,2165,48,1,2,33.33,66.67,20,0,2,86964,6.91,245212,179604,1780,18988,18988,0,1912418,0.00,5476352,0.00,1001,0.00,0,0.00,124,0.00,31,0.00
876.650748168,FluidGamelan,S,4523,4522,4522,0.43,0.00,2165,48,1,2,33.33,66.67,20,0,2,86964,7.01,245212,179604,1780,18988,18988,0,1912418,0.00,5476352,0.00,1001,0.00,0,0.00,124,0.00,31,0.00
876.750632050,FluidGamelan,S,4523,4522,4522,0.42,0.00,2165,48,1,2,33.33,66.67,20,0,2,86964,7.11,245212,179604,1780,18988,18988,0,1912418,0.00,5476352,0.00,1001,0.00,0,0.00,124,0.00,31,0.00
876.850435328,FluidGamelan,S,4523,4522,4522,0.42,0.00,2165,48,1,2,33.33,66.67,20,0,2,86964,7.21,245212,179604,1780,18988,18988,0,1912418,0.00,5476352,0.00,1001,0.00,0,0.00,124,0.00,31,0.00
876.950746882,FluidGamelan,S,4523,4522,4522,0.41,0.00,2165,48,1,2,33.33,66.67,20,0,2,86964,7.31,245212,179604,1780,18988,18988,0,1912418,0.00,5476352,0.00,1001,0.00,0,0.00,124,0.00,31,0.00
877.050748819,FluidGamelan,S,4523,4522,4522,0.40,0.00,2165,48,1,2,33.33,66.67,20,0,2,86964,7.41,245212,179604,1780,18988,18988,0,1912418,0.00,5476352,0.00,1001,0.00,0,0.00,124,0.00,31,0.00
877.150718525,FluidGamelan,S,4523,4522,4522,0.40,0.00,2165,48,1,2,33.33,66.67,20,0,2,86964,7.51,245212,179604,1780,18988,18988,0,1912418,0.00,5476352,0.00,1001,0.00,0,0.00,124,0.00,31,0.00
877.250537366,FluidGamelan,S,4523,4522,4522,0.39,0.00,2165,48,1,2,33.33,66.67,20,0,2,86964,7.61,245212,179604,1780,18988,18988,0,1912418,0.00,5476352,0.00,1001,0.00,0,0.00,124,0.00,31,0.00
877.350504189,FluidGamelan,S,4523,4522,4522,0.39,0.00,2165,48,1,2,33.33,66.67,20,0,2,86964,7.71,245212,179604,1780,18988,18988,0,1912418,0.00,5476352,0.00,1001,0.00,0,0.00,124,0.00,31,0.00
877.450317842,FluidGamelan,S,4523,4522,4522,0.38,0.00,2165,48,1,2,33.33,66.67,20,0,2,86964,7.81,245212,179604,1780,18988,18988,0,1912418,0.00,5476352,0.00,1001,0.00,0,0.00,124,0.00,31,0.00
877.550486586,FluidGamelan,S,4523,4522,4522,0.38,0.00,2165,48,1,2,33.33,66.67,20,0,2,86964,7.91,245212,179604,1780,18988,18988,0,1912418,0.00,5476352,0.00,1001,0.00,0,0.00,124,0.00,31,0.00
877.650700465,FluidGamelan,S,4523,4522,4522,0.37,0.00,2165,48,1,2,33.33,66.67,20,0,2,86964,8.01,245212,179604,1780,18988,18988,0,1912418,0.00,5476352,0.00,1001,0.00,0,0.00,124,0.00,31,0.00
877.750519123,FluidGamelan,S,4523,4522,4522,0.37,0.00,2165,48,1,2,33.33,66.67,20,0,2,86964,8.11,245212,179604,1780,18988,18988,0,1912418,0.00,5476352,0.00,1001,0.00,0,0.00,124,0.00,31,0.00
877.850711920,FluidGamelan,S,4523,4522,4522,0.37,0.00,2165,48,1,2,33.33,66.67,20,0,2,86964,8.21,245212,179604,1780,18988,18988,0,1912418,0.00,5476352,0.00,1001,0.00,0,0.00,124,0.00,31,0.00
877.950700835,FluidGamelan,S,4523,4522,4522,0.36,0.00,2165,48,1,2,33.33,66.67,20,0,2,86964,8.31,245212,179604,1780,18988,18988,0,1912418,0.00,5476352,0.00,1001,0.00,0,0.00,124,0.00,31,0.00
878.050314052,FluidGamelan,S,4523,4522,4522,0.36,0.00,2165,48,1,2,33.33,66.67,20,0,2,86964,8.41,245212,179604,1780,18988,18988,0,1912418,0.00,5476352,0.00,1001,0.00,0,0.00,124,0.00,31,0.00
878.150734737,FluidGamelan,S,4523,4522,4522,0.35,0.00,2165,48,1,2,33.33,66.67,20,0,2,86964,8.51,245212,179604,1780,18988,18988,0,1912418,0.00,5476352,0.00,1001,0.00,0,0.00,124,0.00,31,0.00
878.250313563,FluidGamelan,S,4523,4522,4522,0.35,0.00,2165,48,1,2,33.33,66.67,20,0,2,86964,8.61,245212,179604,1780,18988,18988,0,1912418,0.00,5476352,0.00,1001,0.00,0,0.00,124,0.00,31,0.00
878.350677592,FluidGamelan,S,4523,4522,4522,0.34,0.00,2165,48,1,2,33.33,66.67,20,0,2,86964,8.71,245212,179604,1780,18988,18988,0,1912418,0.00,5476352,0.00,1001,0.00,0,0.00,124,0.00,31,0.00
878.450750244,FluidGamelan,S,4523,4522,4522,0.34,0.00,2165,48,1,2,33.33,66.67,20,0,2,86964,8.81,245212,179604,1780,18988,18988,0,1912418,0.00,5476352,0.00,1001,0.00,0,0.00,124,0.00,31,0.00
878.550547686,FluidGamelan,S,4523,4522,4522,0.34,0.00,2165,48,1,2,33.33,66.67,20,0,2,86964,8.91,245212,179604,1780,18988,18988,0,1912418,0.00,5476352,0.00,1001,0.00,0,0.00,124,0.00,31,0.00
878.650513758,FluidGamelan,S,4523,4522,4522,0.33,0.00,2165,48,1,2,33.33,66.67,20,0,2,86964,9.01,245212,179604,1780,18988,18988,0,1912418,0.00,5476352,0.00,1001,0.00,0,0.00,124,0.00,31,0.00
878.750766411,FluidGamelan,S,4523,4522,4522,0.33,0.00,2165,48,1,2,33.33,66.67,20,0,2,86964,9.11,245212,179604,1780,18988,18988,0,1912418,0.00,5476352,0.00,1001,0.00,0,0.00,124,0.00,31,0.00
878.850669836,FluidGamelan,S,4523,4522,4522,0.33,0.00,2165,48,1,2,33.33,66.67,20,0,2,86964,9.21,245212,179604,1780,18988,18988,0,1912418,0.00,5476352,0.00,1001,0.00,0,0.00,124,0.00,31,0.00
878.950522526,FluidGamelan,S,4523,4522,4522,0.32,0.00,2165,48,1,2,33.33,66.67,20,0,2,86964,9.31,245212,179604,1780,18988,18988,0,1912418,0.00,5476352,0.00,1001,0.00,0,0.00,124,0.00,31,0.00
879.050730617,FluidGamelan,S,4523,4522,4522,0.32,0.00,2165,48,1,2,33.33,66.67,20,0,2,86964,9.41,245212,179604,1780,18988,18988,0,1912418,0.00,5476352,0.00,1001,0.00,0,0.00,124,0.00,31,0.00
879.150728875,FluidGamelan,S,4523,4522,4522,0.32,0.00,2165,48,1,2,33.33,66.67,20,0,2,86964,9.51,245212,179604,1780,18988,18988,0,1912418,0.00,5476352,0.00,1001,0.00,0,0.00,124,0.00,31,0.00
879.250507285,FluidGamelan,S,4523,4522,4522,0.31,0.00,2165,48,1,2,33.33,66.67,20,0,2,86964,9.61,245212,179604,1780,18988,18988,0,1912418,0.00,5476352,0.00,1001,0.00,0,0.00,124,0.00,31,0.00
879.350326176,FluidGamelan,S,4523,4522,4522,0.31,0.00,2165,48,1,2,33.33,66.67,20,0,2,86964,9.71,245212,179604,1780,18988,18988,0,1912418,0.00,5476352,0.00,1001,0.00,0,0.00,124,0.00,31,0.00
879.450510598,FluidGamelan,S,4523,4522,4522,0.31,0.00,2165,48,1,2,33.33,66.67,20,0,2,86964,9.81,245212,179604,1780,18988,18988,0,1912418,0.00,5476352,0.00,1001,0.00,0,0.00,124,0.00,31,0.00
879.550762862,FluidGamelan,S,4523,4522,4522,0.30,0.00,2165,48,1,2,33.33,66.67,20,0,2,86964,9.91,245212,179604,1780,18988,18988,0,1912418,0.00,5476352,0.00,1001,0.00,0,0.00,124,0.00,31,0.00
879.650751344,FluidGamelan,S,4523,4522,4522,0.30,0.00,2165,48,1,2,33.33,66.67,20,0,2,86964,10.01,245212,179604,1780,18988,18988,0,1912418,0.00,5476352,0.00,1001,0.00,0,0.00,124,0.00,31,0.00
879.750766238,FluidGamelan,S,4523,4522,4522,0.30,0.00,2165,48,1,2,33.33,66.67,20,0,2,86964,10.11,245212,179604,1780,18988,18988,0,1912418,0.00,5476352,0.00,1001,0.00,0,0.00,124,0.00,31,0.00
879.850403541,FluidGamelan,S,4523,4522,4522,0.29,0.00,2165,48,1,2,33.33,66.67,20,0,2,86964,10.21,245212,179604,1780,18988,18988,0,1912418,0.00,5476352,0.00,1001,0.00,0,0.00,124,0.00,31,0.00
879.950448349,FluidGamelan,S,4523,4522,4522,0.29,0.00,2165,48,1,2,33.33,66.67,20,0,2,86964,10.31,245212,179604,1780,18988,18988,0,1912418,0.00,5476352,0.00,1001,0.00,0,0.00,124,0.00,31,0.00
880.050692978,FluidGamelan,S,4523,4522,4522,0.29,0.00,2165,48,1,2,33.33,66.67,20,0,2,86964,10.41,245212,179604,1780,18988,18988,0,1912418,0.00,5476352,0.00,1001,0.00,0,0.00,124,0.00,31,0.00
880.150693709,FluidGamelan,S,4523,4522,4522,0.29,0.00,2165,48,1,2,33.33,66.67,20,0,2,86964,10.51,245212,179604,1780,18988,18988,0,1912418,0.00,5476352,0.00,1001,0.00,0,0.00,124,0.00,31,0.00
880.250717177,FluidGamelan,S,4523,4522,4522,0.28,0.00,2165,48,1,2,33.33,66.67,20,0,2,86964,10.61,245212,179604,1780,18988,18988,0,1912418,0.00,5476352,0.00,1001,0.00,0,0.00,124,0.00,31,0.00
880.350537239,FluidGamelan,S,4523,4522,4522,0.28,0.00,2165,48,1,2,33.33,66.67,20,0,2,86964,10.71,245212,179604,1780,18988,18988,0,1912418,0.00,5476352,0.00,1001,0.00,0,0.00,124,0.00,31,0.00
880.450351200,FluidGamelan,S,4523,4522,4522,0.28,0.00,2165,48,1,2,33.33,66.67,20,0,2,86964,10.81,245212,179604,1780,18988,18988,0,1912418,0.00,5476352,0.00,1001,0.00,0,0.00,124,0.00,31,0.00
880.550727544,FluidGamelan,S,4523,4522,4522,0.27,0.00,2165,48,1,2,33.33,66.67,20,0,2,86964,10.91,245212,179604,1780,18988,18988,0,1912418,0.00,5476352,0.00,1001,0.00,0,0.00,124,0.00,31,0.00
880.650722490,FluidGamelan,S,4523,4522,4522,0.27,0.00,2165,48,1,2,33.33,66.67,20,0,2,86964,11.01,245212,179604,1780,18988,18988,0,1912418,0.00,5476352,0.00,1001,0.00,0,0.00,124,0.00,31,0.00
880.750774665,FluidGamelan,S,4523,4522,4522,0.27,0.00,2165,48,1,2,33.33,66.67,20,0,2,86964,11.11,245212,179604,1780,18988,18988,0,1912418,0.00,5476352,0.00,1001,0.00,0,0.00,124,0.00,31,0.00
880.850348581,FluidGamelan,S,4523,4522,4522,0.27,0.00,2165,48,1,2,33.33,66.67,20,0,2,86964,11.21,245212,179604,1780,18988,18988,0,1912418,0.00,5476352,0.00,1001,0.00,0,0.00,124,0.00,31,0.00
880.950760246,FluidGamelan,S,4523,4522,4522,0.27,0.00,2165,48,1,2,33.33,66.67,20,0,2,86964,11.31,245212,179604,1780,18988,18988,0,1912418,0.00,5476352,0.00,1001,0.00,0,0.00,124,0.00,31,0.00
881.050516160,FluidGamelan,S,4523,4522,4522,0.26,0.00,2165,48,1,2,33.33,66.67,20,0,2,86964,11.41,245212,179604,1780,18988,18988,0,1912418,0.00,5476352,0.00,1001,0.00,0,0.00,124,0.00,31,0.00
881.150708837,FluidGamelan,S,4523,4522,4522,0.26,0.00,2165,48,1,2,33.33,66.67,20,0,2,86964,11.51,245212,179604,1780,18988,18988,0,1912418,0.00,5476352,0.00,1001,0.00,0,0.00,124,0.00,31,0.00
881.250720795,FluidGamelan,S,4523,4522,4522,0.26,0.00,2165,48,1,2,33.33,66.67,20,0,2,86964,11.61,245212,179604,1780,18988,18988,0,1912418,0.00,5476352,0.00,1001,0.00,0,0.00,124,0.00,31,0.00
Time,Name,State,PID,PPID,PGRP,AvgCPUPerc,CurCPUPerc,MinFlt,MajFlt,UserTimeJiffies,SystemTimeJiffies,UserTimePerc,SystemTimePerc,Priority,Nice,Threads,StartTimeJiffies,RunTimeSecs,VmPeakkB,VmSizekB,VmLckkB,VmHWMkB,VmRsskB,VmSwapkB,TotReadBytes,CurReadBytesPerSec,TotReadBytesStorage,CurReadBytesStoragePerSec,TotWrittenBytes,CurWrittenBytesPerSec,TotWrittenBytesStorage,CurWrittenBytesStoragePerSec,TotReadCalls,CurReadCalls,TotWriteCalls,CurWriteCalls
928.599606991,audria,R,4780,4779,4779,0.00,0.0,31,0,0,0,-nan,-nan,20,0,1,92859,0.01,4,4,0,4,4,0,1524,0.0,0,0.0,0,0.0,0,0.0,5,0.0,0,0.0
928.699626744,FluidGamelan,S,4780,4779,4779,30.00,29.99,2160,2,3,0,100.00,0.00,20,0,3,92859,0.10,449380,449380,1780,18832,18832,0,1924287,19223832.72,49152,491422.93,67,669.87,0,0.00,169,1639.68,50,499.90
928.799628778,FluidGamelan,S,4780,4779,4779,20.00,10.00,2172,19,4,0,100.00,0.00,20,0,4,92859,0.20,523112,523112,1780,18832,18832,0,1924739,4519.91,49152,0.00,658,5909.88,0,0.00,370,2009.96,235,1849.96
928.899621883,FluidGamelan,S,4780,4779,4779,20.00,20.00,2174,21,5,1,83.33,16.67,20,0,4,92859,0.30,523112,523112,1780,18832,18832,0,1925716,9770.67,49152,0.00,1395,7370.51,0,0.00,786,4160.29,461,2260.16
928.999738575,FluidGamelan,S,4780,4779,4779,21.95,29.97,2175,21,7,2,77.78,22.22,20,0,4,92859,0.41,523112,523112,1780,18832,18832,0,1926789,10717.49,49152,0.00,2156,7601.13,0,0.00,1241,4544.70,690,2287.33
929.099721428,FluidGamelan,S,4780,4779,4779,23.53,30.01,2176,22,10,2,83.33,16.67,20,0,4,92859,0.51,523112,523112,1780,18832,18832,0,1927920,11311.94,49152,0.00,2927,7711.32,0,0.00,1703,4620.79,922,2320.40
929.199647242,FluidGamelan,S,4780,4779,4779,23.33,20.01,2177,23,11,3,78.57,21.43,20,0,4,92859,0.60,523112,523112,1780,18832,18832,0,1928876,9567.10,49152,0.00,3667,7405.49,0,0.00,2127,4243.15,1144,2221.65
929.299684627,FluidGamelan,S,4780,4779,4779,23.94,29.99,2178,23,13,4,76.47,23.53,20,0,4,92859,0.71,523112,523112,1780,18832,18832,0,1929986,11095.85,49152,0.00,4417,7497.20,0,0.00,2578,4508.31,1369,2249.16
929.399862913,FluidGamelan,S,4780,4779,4779,25.93,39.93,2179,24,16,5,76.19,23.81,20,0,4,92859,0.81,523112,523112,1780,18832,18832,0,1931043,10551.19,49152,0.00,5170,7516.60,0,0.00,3029,4501.97,1597,2275.94
929.499638659,FluidGamelan,S,4780,4779,4779,25.56,20.04,2179,25,17,6,73.91,26.09,20,0,4,92859,0.90,523112,523112,1780,18832,18832,0,1932145,11044.77,49152,0.00,5920,7516.86,0,0.00,3480,4520.14,1822,2255.06
929.599641793,FluidGamelan,S,4780,4779,4779,26.00,30.00,2179,25,19,7,73.08,26.92,20,0,4,92859,1.00,523112,523112,1780,18832,18832,0,1933127,9819.69,49152,0.00,6670,7499.76,0,0.00,3913,4329.86,2047,2249.93
929.699682332,FluidGamelan,S,4780,4779,4779,24.55,10.00,2179,26,20,7,74.07,25.93,20,0,4,92859,1.10,523112,523112,1780,18832,18832,0,1934173,10455.76,49152,0.00,7420,7496.96,0,0.00,4350,4368.23,2272,2249.09
929.799681758,FluidGamelan,S,4780,4779,4779,25.62,40.00,2179,27,22,9,70.97,29.03,20,0,4,92859,1.21,523112,523112,1780,18832,18832,0,1935227,10540.06,49152,0.00,8170,7500.04,0,0.00,4801,4510.03,2497,2250.01
929.899670755,FluidGamelan,S,4780,4779,4779,26.72,40.00,2179,27,24,11,68.57,31.43,20,0,4,92859,1.31,523112,523112,1780,18832,18832,0,1936329,11021.21,49152,0.00,8921,7510.83,0,0.00,5252,4510.50,2723,2260.25
929.999677986,FluidGamelan,S,4780,4779,4779,26.43,20.00,2179,27,25,12,67.57,32.43,20,0,4,92859,1.40,523112,523112,1780,18832,18832,0,1937287,9579.31,49152,0.00,9662,7409.46,0,0.00,5677,4249.69,2946,2229.84
930.099680819,FluidGamelan,S,4780,4779,4779,26.49,30.00,2179,27,26,14,65.00,35.00,20,0,4,92859,1.51,523112,523112,1780,18832,18832,0,1938426,11389.68,49152,0.00,10425,7629.78,0,0.00,6139,4619.87,3177,2309.93
930.200062623,FluidGamelan,S,4780,4779,4779,27.33,39.85,2179,27,28,16,63.64,36.36,20,0,4,92859,1.61,523112,523112,1780,18832,18832,0,1939478,10479.99,49152,0.00,11165,7371.85,0,0.00,6587,4462.96,3399,2211.56
930.299752756,FluidGamelan,S,4780,4779,4779,28.07,40.12,2179,27,29,19,60.42,39.58,20,0,4,92859,1.71,523112,523112,1780,18832,18832,0,1940572,10974.00,49152,0.00,11915,7523.31,0,0.00,7036,4503.96,3624,2256.99
930.399735290,FluidGamelan,S,4780,4779,4779,28.18,30.01,2179,27,29,22,56.86,43.14,20,0,4,92859,1.81,523112,523112,1780,18832,18832,0,1941610,10381.81,49152,0.00,12665,7501.31,0,0.00,7483,4470.78,3849,2250.39
930.499660751,FluidGamelan,S,4780,4779,4779,28.95,40.03,2179,27,32,23,58.18,41.82,20,0,4,92859,1.90,523112,523112,1780,18832,18832,0,1942688,10788.04,49152,0.00,13407,7425.53,0,0.00,7926,4433.30,4073,2241.67
930.599678224,FluidGamelan,S,4780,4779,4779,28.86,29.99,2179,27,34,24,58.62,41.38,20,0,4,92859,2.01,523112,523112,1780,18832,18832,0,1943742,10538.16,49152,0.00,14157,7498.69,0,0.00,8377,4509.21,4298,2249.61
930.699684182,FluidGamelan,S,4780,4779,4779,29.38,40.00,2179,27,36,26,58.06,41.94,20,0,4,92859,2.11,523112,523112,1780,18832,18832,0,1944836,10939.35,49152,0.00,14907,7499.55,0,0.00,8826,4489.73,4523,2249.87
930.799663430,FluidGamelan,S,4780,4779,4779,29.86,40.01,2179,27,39,27,59.09,40.91,20,0,4,92859,2.21,523112,523112,1780,18832,18832,0,1945834,9982.07,49152,0.00,15657,7501.56,0,0.00,9263,4370.91,4748,2250.47
930.899689242,FluidGamelan,S,4780,4779,4779,30.30,39.99,2179,27,42,28,60.00,40.00,20,0,4,92859,2.31,523112,523112,1780,18832,18832,0,1946936,11017.16,49152,0.00,16407,7498.06,0,0.00,9714,4508.84,4973,2249.42
930.999618509,FluidGamelan,S,4780,4779,4779,30.42,30.02,2179,27,44,29,60.27,39.73,20,0,4,92859,2.40,523112,523112,1780,18832,18832,0,1947926,9907.01,49152,0.00,17149,7425.25,0,0.00,10146,4323.06,5197,2241.59
931.099660205,FluidGamelan,S,4780,4779,4779,29.88,19.99,2179,27,44,31,58.67,41.33,20,0,4,92859,2.51,523112,523112,1780,18832,18832,0,1948996,10695.54,49152,0.00,17899,7496.87,0,0.00,10589,4428.15,5422,2249.06
931.199677365,FluidGamelan,S,4780,4779,4779,30.27,39.99,2179,27,47,32,59.49,40.51,20,0,4,92859,2.61,523112,523112,1780,18832,18832,0,1950034,10378.22,49152,0.00,18649,7498.71,0,0.00,11034,4449.24,5647,2249.61
931.299703473,FluidGamelan,S,4780,4779,4779,30.26,29.99,2179,27,48,34,58.54,41.46,20,0,4,92859,2.71,523112,523112,1780,18832,18832,0,1951112,10777.19,49152,0.00,19399,7498.04,0,0.00,11479,4448.84,5872,2249.41
931.399697830,FluidGamelan,S,4780,4779,4779,30.60,40.00,2179,27,50,36,58.14,41.86,20,0,4,92859,2.81,523112,523112,1780,18832,18832,0,1952201,10890.61,49152,0.00,20152,7530.42,0,0.00,11938,4590.26,6100,2280.13
931.499683200,FluidGamelan,S,4780,4779,4779,30.93,40.01,2179,27,53,37,58.89,41.11,20,0,4,92859,2.91,523112,523112,1780,18832,18832,0,1953358,11571.69,49152,0.00,20894,7421.09,0,0.00,12402,4640.68,6324,2240.33
931.599685136,FluidGamelan,S,4780,4779,4779,30.90,30.00,2179,27,54,39,58.06,41.94,20,0,4,92859,3.01,523112,523112,1780,18832,18832,0,1954437,10789.79,49152,0.00,21652,7579.85,0,0.00,12860,4579.91,6550,2259.96
931.699691666,FluidGamelan,S,4780,4779,4779,30.87,30.00,2179,27,55,41,57.29,42.71,20,0,4,92859,3.11,523112,523112,1780,18832,18832,0,1955563,11259.26,49152,0.00,22402,7499.51,0,0.00,13317,4569.70,6775,2249.85
931.799680891,FluidGamelan,S,4780,4779,4779,31.15,40.00,2179,27,57,43,57.00,43.00,20,0,4,92859,3.21,523112,523112,1780,18832,18832,0,1956625,10621.14,49152,0.00,23152,7500.81,0,0.00,13770,4530.49,7000,2250.24
931.899705094,FluidGamelan,S,4780,4779,4779,31.12,29.99,2179,27,58,45,56.31,43.69,20,0,4,92859,3.31,523112,523112,1780,18832,18832,0,1957751,11257.28,49152,0.00,23902,7498.19,0,0.00,14227,4568.89,7225,2249.46
931.999675829,FluidGamelan,S,4780,4779,4779,31.67,50.01,2179,27,61,47,56.48,43.52,20,0,4,92859,3.41,523112,523112,1780,18832,18832,0,1958797,10463.06,49152,0.00,24644,7422.17,0,0.00,14674,4471.31,7449,2240.66
932.099722102,FluidGamelan,S,4780,4779,4779,31.62,29.99,2179,27,64,47,57.66,42.34,20,0,4,92859,3.51,523112,523112,1780,18832,18832,0,1959907,11094.87,49152,0.00,25394,7496.53,0,0.00,15127,4527.90,7674,2248.96
932.199715980,FluidGamelan,S,4780,4779,4779,31.58,30.00,2179,27,66,48,57.89,42.11,20,0,4,92859,3.61,523112,523112,1780,18832,18832,0,1960945,10380.64,49152,0.00,26144,7500.46,0,0.00,15574,4470.27,7899,2250.14
932.299703591,FluidGamelan,S,4780,4779,4779,31.81,40.00,2179,27,67,51,56.78,43.22,20,0,4,92859,3.71,523112,523112,1780,18832,18832,0,1962023,10781.34,49152,0.00,26894,7500.93,0,0.00,16019,4450.55,8124,2250.28
932.399692317,FluidGamelan,S,4780,4779,4779,31.58,20.00,2179,27,68,52,56.67,43.33,20,0,4,92859,3.80,523112,523112,1780,18832,18832,0,1963013,9901.12,49152,0.00,27644,7500.85,0,0.00,16452,4330.49,8349,2250.25
932.499714225,FluidGamelan,S,4780,4779,4779,31.46,29.99,2179,27,70,53,56.91,43.09,20,0,4,92859,3.91,523112,523112,1780,18832,18832,0,1964139,11257.53,49152,0.00,28394,7498.36,0,0.00,16909,4569.00,8574,2249.51
932.599705754,FluidGamelan,S,4780,4779,4779,31.67,40.00,2179,27,72,55,56.69,43.31,20,0,4,92859,4.01,523112,523112,1780,18832,18832,0,1965209,10700.91,49152,0.00,29144,7500.64,0,0.00,17364,4550.39,8799,2250.19
932.699675792,FluidGamelan,S,4780,4779,4779,31.63,30.01,2179,27,75,55,57.69,42.31,20,0,4,92859,4.11,523112,523112,1780,18832,18832,0,1966335,11263.37,49152,0.00,29894,7502.25,0,0.00,17821,4571.37,9024,2250.67
932.799663446,FluidGamelan,S,4780,4779,4779,31.59,30.00,2179,27,77,56,57.89,42.11,20,0,4,92859,4.21,523112,523112,1780,18832,18832,0,1967365,10301.27,49152,0.00,30644,7500.93,0,0.00,18264,4430.55,9249,2250.28
932.899713100,FluidGamelan,S,4780,4779,4779,31.55,29.99,2179,27,78,58,57.35,42.65,20,0,4,92859,4.31,523112,523112,1780,18832,18832,0,1968486,11204.44,49152,0.00,31397,7526.26,0,0.00,18721,4567.73,9477,2278.87
932.999677756,FluidGamelan,S,4780,4779,4779,31.75,40.01,2179,27,79,61,56.43,43.57,20,0,4,92859,4.41,523112,523112,1780,18832,18832,0,1969548,10623.75,49152,0.00,32147,7502.65,0,0.00,19174,4531.60,9702,2250.80
933.099745389,FluidGamelan,S,4780,4779,4779,31.71,29.98,2179,27,81,62,56.64,43.36,20,0,4,92859,4.51,523112,523112,1780,18832,18832,0,1970666,11172.44,49152,0.00,32897,7494.93,0,0.00,19629,4546.92,9927,2248.48
933.199659349,FluidGamelan,S,4780,4779,4779,31.67,30.03,2179,27,84,62,57.53,42.47,20,0,4,92859,4.61,523112,523112,1780,18832,18832,0,1971728,10629.15,49152,0.00,33647,7506.46,0,0.00,20082,4533.90,10152,2251.94
933.299704331,FluidGamelan,S,4780,4779,4779,32.06,49.98,2179,27,87,64,57.62,42.38,20,0,4,92859,4.71,523112,523112,1780,18832,18832,0,1972854,11254.94,49152,0.00,34397,7496.63,0,0.00,20539,4567.95,10377,2248.99
933.399677263,FluidGamelan,S,4780,4779,4779,32.02,30.01,2179,27,88,66,57.14,42.86,20,0,4,92859,4.81,523112,523112,1780,18832,18832,0,1973932,10782.92,49152,0.00,35147,7502.03,0,0.00,20996,4571.24,10602,2250.61
933.499661471,FluidGamelan,S,4780,4779,4779,32.18,40.01,2179,27,91,67,57.59,42.41,20,0,4,92859,4.91,523112,523112,1780,18832,18832,0,1975058,11261.78,49152,0.00,35897,7501.18,0,0.00,21453,4570.72,10827,2250.36
933.599669268,FluidGamelan,S,4780,4779,4779,32.34,40.00,2179,27,93,69,57.41,42.59,20,0,4,92859,5.01,523112,523112,1780,18832,18832,0,1976104,10459.18,49152,0.00,36647,7499.42,0,0.00,21902,4489.65,11052,2249.82
933.699663265,FluidGamelan,S,4780,4779,4779,32.29,30.00,2179,27,95,70,57.58,42.42,20,0,4,92859,5.11,523112,523112,1780,18832,18832,0,1977246,11420.69,49152,0.00,37397,7500.45,0,0.00,22363,4610.28,11277,2250.14
933.799689793,FluidGamelan,S,4780,4779,4779,32.25,29.99,2179,27,97,71,57.74,42.26,20,0,4,92859,5.21,523112,523112,1780,18832,18832,0,1978292,10457.23,49152,0.00,38147,7498.01,0,0.00,22812,4488.81,11502,2249.40
933.899753841,FluidGamelan,S,4780,4779,4779,32.20,29.98,2179,27,100,71,58.48,41.52,20,0,4,92859,5.31,523112,523112,1780,18832,18832,0,1979386,10933.00,49152,0.00,38897,7495.20,0,0.00,23261,4487.13,11727,2248.56
933.999701935,FluidGamelan,S,4780,4779,4779,32.16,30.02,2179,27,103,71,59.20,40.80,20,0,4,92859,5.41,523112,523112,1780,18832,18832,0,1980392,10065.22,49152,0.00,39647,7503.89,0,0.00,23700,4392.28,11952,2251.17
934.099670345,FluidGamelan,S,4780,4779,4779,32.12,30.01,2179,27,106,71,59.89,40.11,20,0,4,92859,5.51,523112,523112,1780,18832,18832,0,1981518,11263.56,49152,0.00,40397,7502.37,0,0.00,24157,4571.44,12177,2250.71
934.199716464,FluidGamelan,S,4780,4779,4779,32.09,29.99,2179,27,109,71,60.56,39.44,20,0,4,92859,5.61,523112,523112,1780,18832,18832,0,1982571,10525.15,49152,0.00,41139,7416.58,0,0.00,24607,4497.93,12401,2238.97
934.299659102,FluidGamelan,S,4780,4779,4779,32.22,40.02,2179,27,111,73,60.33,39.67,20,0,4,92859,5.71,523112,523112,1780,18832,18832,0,1983674,11036.33,49152,0.00,41897,7584.35,0,0.00,25059,4522.59,12627,2261.30
934.399653266,FluidGamelan,S,4780,4779,4779,32.01,20.00,2179,27,113,73,60.75,39.25,20,0,4,92859,5.81,523112,523112,1780,18832,18832,0,1984715,10410.61,49152,0.00,42658,7610.44,0,0.00,25506,4470.26,12856,2290.13
934.499671989,FluidGamelan,S,4780,4779,4779,32.15,39.99,2179,27,115,75,60.53,39.47,20,0,4,92859,5.91,523112,523112,1780,18832,18832,0,1985817,11017.94,49152,0.00,43408,7498.60,0,0.00,25957,4509.16,13081,2249.58
934.599677244,FluidGamelan,S,4780,4779,4779,32.11,30.00,2179,27,117,76,60.62,39.38,20,0,4,92859,6.01,523112,523112,1780,18832,18832,0,1986895,10779.43,49152,0.00,44158,7499.61,0,0.00,26414,4569.76,13306,2249.88
934.699663774,FluidGamelan,S,4780,4779,4779,32.24,40.01,2179,27,120,77,60.91,39.09,20,0,4,92859,6.11,523112,523112,1780,18832,18832,0,1987997,11021.48,49152,0.00,44908,7501.01,0,0.00,26865,4510.61,13531,2250.30
934.799670495,FluidGamelan,S,4780,4779,4779,32.21,30.00,2179,27,121,79,60.50,39.50,20,0,4,92859,6.21,523112,523112,1780,18832,18832,0,1989075,10779.28,49152,0.00,45658,7499.50,0,0.00,27322,4569.69,13756,2249.85
934.899899387,FluidGamelan,S,4780,4779,4779,32.33,39.91,2179,27,123,81,60.29,39.71,20,0,4,92859,6.31,523112,523112,1780,18832,18832,0,1990217,11393.92,49152,0.00,46408,7482.87,0,0.00,27783,4599.47,13981,2244.86
934.999655732,FluidGamelan,S,4780,4779,4779,32.29,30.07,2179,27,126,81,60.87,39.13,20,0,4,92859,6.41,523112,523112,1780,18832,18832,0,1991271,10565.74,49152,0.00,47158,7518.32,0,0.00,28234,4521.02,14206,2255.50
935.099709237,FluidGamelan,S,4780,4779,4779,32.26,29.98,2179,27,126,84,60.00,40.00,20,0,4,92859,6.51,523112,523112,1780,18832,18832,0,1992357,10854.19,49152,0.00,47908,7495.99,0,0.00,28681,4467.61,14431,2248.80
935.199677210,FluidGamelan,S,4780,4779,4779,32.53,50.02,2179,27,129,86,60.00,40.00,20,0,4,92859,6.61,523112,523112,1780,18832,18832,0,1993427,10703.43,49152,0.00,48658,7502.40,0,0.00,29136,4551.46,14656,2250.72
935.299678762,FluidGamelan,S,4780,4779,4779,32.49,30.00,2179,27,131,87,60.09,39.91,20,0,4,92859,6.71,523112,523112,1780,18832,18832,0,1994537,11099.83,49152,0.00,49408,7499.88,0,0.00,29589,4529.93,14881,2249.97
935.399721060,FluidGamelan,S,4780,4779,4779,32.60,39.98,2179,27,134,88,60.36,39.64,20,0,4,92859,6.81,523112,523112,1780,18832,18832,0,1995607,10695.48,49152,0.00,50158,7496.83,0,0.00,30044,4548.08,15106,2249.05
935.499749333,FluidGamelan,S,4780,4779,4779,32.56,29.99,2179,28,136,89,60.44,39.56,20,0,4,92859,6.91,523112,523112,1780,18832,18832,0,1996293,6858.06,49152,0.00,50868,7097.99,0,0.00,30357,3129.12,15326,2199.38
935.599662679,FluidGamelan,S,4780,4779,4779,32.52,30.03,2179,28,139,89,60.96,39.04,20,0,4,92859,7.01,523112,523112,1780,18832,18832,0,1996967,6745.85,49152,0.00,51590,7226.26,0,0.00,30694,3372.92,15551,2251.95
935.699736643,FluidGamelan,S,4780,4779,4779,32.35,19.99,2179,28,140,90,60.87,39.13,20,0,4,92859,7.11,523112,523112,1780,18832,18832,0,1997657,6894.90,49152,0.00,52321,7304.60,0,0.00,31010,3157.66,15771,2198.37
935.799657896,FluidGamelan,S,4780,4779,4779,32.32,30.02,2179,28,142,91,60.94,39.06,20,0,4,92859,7.21,523112,523112,1780,18832,18832,0,1998305,6485.11,49152,0.00,53009,6885.42,0,0.00,31334,3242.55,15990,2191.73
935.899651377,FluidGamelan,S,4780,4779,4779,32.28,30.00,2179,28,145,91,61.44,38.56,20,0,4,92859,7.31,523112,523112,1780,18832,18832,0,1999026,7210.47,49152,0.00,53705,6960.45,0,0.00,31668,3340.22,16210,2200.14
935.999671056,FluidGamelan,S,4780,4779,4779,32.25,29.99,2179,28,147,92,61.51,38.49,20,0,4,92859,7.41,523112,523112,1780,18832,18832,0,1999696,6698.68,49152,0.00,54375,6698.68,0,0.00,32003,3349.34,16425,2149.58
936.099700817,FluidGamelan,S,4780,4779,4779,32.09,19.99,2179,28,148,93,61.41,38.59,20,0,4,92859,7.51,523112,523112,1780,18832,18832,0,2000414,7177.86,49152,0.00,55069,6937.94,0,0.00,32336,3329.01,16643,2179.35
936.199708285,FluidGamelan,S,4780,4779,4779,32.19,40.00,2179,28,151,94,61.63,38.37,20,0,4,92859,7.61,523112,523112,1780,18832,18832,0,2001076,6619.51,49152,0.00,55747,6779.49,0,0.00,32667,3309.75,16859,2159.84
936.299687577,FluidGamelan,S,4780,4779,4779,32.17,30.01,2179,28,153,95,61.69,38.31,20,0,4,92859,7.71,523112,523112,1780,18832,18832,0,2001809,7331.52,49152,0.00,56432,6851.42,0,0.00,33007,3400.70,17075,2160.45
936.399694897,FluidGamelan,S,4780,4779,4779,32.01,20.00,2179,28,155,95,62.00,38.00,20,0,4,92859,7.81,523112,523112,1780,18832,18832,0,2002439,6299.54,49152,0.00,57086,6539.52,0,0.00,33322,3149.77,17288,2129.84
936.499674484,FluidGamelan,S,4780,4779,4779,31.86,20.00,2179,28,156,96,61.90,38.10,20,0,4,92859,7.91,523112,523112,1780,18832,18832,0,2003098,6591.35,49152,0.00,57753,6671.36,0,0.00,33624,3020.62,17500,2120.43
936.599718342,FluidGamelan,S,4780,4779,4779,31.71,19.99,2179,28,157,97,61.81,38.19,20,0,4,92859,8.01,523112,523112,1780,18832,18832,0,2003696,5977.38,49152,0.00,58407,6537.13,0,0.00,33923,2988.69,17713,2129.07
936.699680073,FluidGamelan,S,4780,4779,4779,31.81,40.02,2179,28,159,99,61.63,38.37,20,0,4,92859,8.11,523112,523112,1780,18832,18832,0,2004406,7102.72,49152,0.00,59061,6542.50,0,0.00,34252,3291.26,17926,2130.82
936.799658324,FluidGamelan,S,4780,4779,4779,31.79,30.01,2179,28,161,100,61.69,38.31,20,0,4,92859,8.21,523112,523112,1780,18832,18832,0,2005076,6701.46,49152,0.00,59763,7021.53,0,0.00,34587,3350.73,18145,2190.48
936.899647290,FluidGamelan,S,4780,4779,4779,31.69,20.00,2179,28,162,101,61.60,38.40,20,0,4,92859,8.30,523112,523112,1780,18832,18832,0,2005591,5150.57,49152,0.00,60278,5150.57,0,0.00,34805,2180.24,18338,1930.21
936.999737316,FluidGamelan,S,4780,4779,4779,31.39,9.99,2179,28,163,101,61.74,38.26,20,0,4,92859,8.41,523112,523112,1780,18832,18832,0,2006245,6534.12,49152,0.00,60972,6933.76,0,0.00,35133,3277.05,18563,2247.98
937.099621973,FluidGamelan,S,4780,4779,4779,31.41,30.03,2179,28,164,103,61.42,38.58,20,0,4,92859,8.50,523112,523112,1780,18832,18832,0,2006939,6948.01,49152,0.00,61674,7028.11,0,0.00,35450,3173.66,18782,2192.53
937.199759486,FluidGamelan,S,4780,4779,4779,31.05,0.00,2179,28,164,103,61.42,38.58,20,0,4,92859,8.60,523112,523112,1780,18832,18832,0,2007578,6381.22,49152,0.00,62409,7339.91,0,0.00,35768,3175.63,19006,2236.92
937.299720846,FluidGamelan,S,4780,4779,4779,30.88,20.01,2179,28,165,104,61.34,38.66,20,0,4,92859,8.71,523112,523112,1780,18832,18832,0,2008219,6412.48,49152,0.00,63026,6172.39,0,0.00,36058,2901.12,19210,2040.79
937.399698970,FluidGamelan,S,4780,4779,4779,30.76,20.00,2179,28,166,105,61.25,38.75,20,0,4,92859,8.81,523112,523112,1780,18832,18832,0,2008823,6041.32,49152,0.00,63670,6441.41,0,0.00,36360,3020.66,19420,2100.46
937.499691921,FluidGamelan,S,4780,4779,4779,30.86,40.00,2179,28,168,107,61.09,38.91,20,0,4,92859,8.91,523112,523112,1780,18832,18832,0,2009510,6870.48,49152,0.00,64398,7280.51,0,0.00,36677,3170.22,19644,2240.16
937.599715954,FluidGamelan,S,4780,4779,4779,30.85,29.99,2179,28,170,108,61.15,38.85,20,0,4,92859,9.01,523112,523112,1780,18832,18832,0,2010182,6718.39,49152,0.00,65133,7348.23,0,0.00,37012,3349.20,19868,2239.46
937.699659205,FluidGamelan,S,4780,4779,4779,30.74,20.01,2179,28,172,108,61.43,38.57,20,0,4,92859,9.11,523112,523112,1780,18832,18832,0,2010851,6693.80,49152,0.00,65850,7174.07,0,0.00,37320,3081.75,20088,2201.25
937.799669624,FluidGamelan,S,4780,4779,4779,30.84,40.00,2179,28,174,110,61.27,38.73,20,0,4,92859,9.21,523112,523112,1780,18832,18832,0,2011537,6859.29,49152,0.00,66576,7259.24,0,0.00,37663,3429.64,20310,2219.77
937.899742832,FluidGamelan,S,4780,4779,4779,30.72,19.99,2179,28,176,110,61.54,38.46,20,0,4,92859,9.31,523112,523112,1780,18832,18832,0,2012255,7174.75,49152,0.00,67246,6695.10,0,0.00,37996,3327.56,20525,2148.43
937.999683963,FluidGamelan,S,4780,4779,4779,30.71,30.02,2179,28,178,111,61.59,38.41,20,0,4,92859,9.41,523112,523112,1780,18832,18832,0,2012923,6683.93,49152,0.00,67987,7414.36,0,0.00,38327,3311.95,20748,2231.31
938.099663840,FluidGamelan,S,4780,4779,4779,30.70,30.01,2179,28,180,112,61.64,38.36,20,0,4,92859,9.51,523112,523112,1780,18832,18832,0,2013594,6711.35,49152,0.00,68723,7361.48,0,0.00,38638,3110.63,20973,2250.45
938.199630910,FluidGamelan,S,4780,4779,4779,30.62,20.01,2179,28,181,113,61.56,38.44,20,0,4,92859,9.60,523112,523112,1780,18832,18832,0,2014248,6542.15,49152,0.00,69434,7112.34,0,0.00,38964,3261.07,21194,2210.73
938.299626072,FluidGamelan,S,4780,4779,4779,30.41,10.00,2179,28,182,113,61.69,38.31,20,0,4,92859,9.70,523112,523112,1780,18832,18832,0,2014849,6010.29,49152,0.00,70040,6060.29,0,0.00,39238,2740.13,21394,2000.10
938.399621481,FluidGamelan,S,4780,4779,4779,30.20,10.00,2179,28,183,113,61.82,38.18,20,0,4,92859,9.80,523112,523112,1780,18832,18832,0,2015357,5080.23,49152,0.00,70684,6440.30,0,0.00,39482,2440.11,21611,2170.10
938.499623438,FluidGamelan,S,4780,4779,4779,30.10,20.00,2179,28,184,114,61.74,38.26,20,0,4,92859,9.90,523112,523112,1780,18832,18832,0,2016035,6779.87,49152,0.00,71394,7099.86,0,0.00,39790,3079.94,21831,2199.96
938.599684288,FluidGamelan,S,4780,4779,4779,29.80,0.00,2179,28,184,114,61.74,38.26,20,0,4,92859,10.00,523112,523112,1780,18832,18832,0,2016627,5916.40,49152,0.00,72010,6156.25,0,0.00,40086,2958.20,22041,2098.72
938.699677047,FluidGamelan,S,4780,4779,4779,29.77,30.00,2179,28,186,115,61.79,38.21,20,0,4,92859,10.11,523112,523112,1780,18832,18832,0,2017313,6860.50,49152,0.00,72728,7180.52,0,0.00,40403,3170.23,22262,2210.16
938.799692520,FluidGamelan,S,4780,4779,4779,29.77,30.00,2179,28,189,115,62.17,37.83,20,0,4,92859,10.21,523112,523112,1780,18832,18832,0,2017983,6698.96,49152,0.00,73415,6868.94,0,0.00,40736,3329.48,22480,2179.66
938.899674010,FluidGamelan,S,4780,4779,4779,29.87,40.01,2179,28,191,117,62.01,37.99,20,0,4,92859,10.31,523112,523112,1780,18832,18832,0,2018703,7201.33,49152,0.00,74086,6711.24,0,0.00,41072,3360.62,22696,2160.40
938.999717086,FluidGamelan,S,4780,4779,4779,29.78,19.99,2179,28,193,117,62.26,37.74,20,0,4,92859,10.41,523112,523112,1780,18832,18832,0,2019361,6577.17,49152,0.00,74768,6817.06,0,0.00,41401,3288.58,22909,2129.08
939.099675412,FluidGamelan,S,4780,4779,4779,29.88,40.02,2179,28,195,119,62.10,37.90,20,0,4,92859,10.51,523112,523112,1780,18832,18832,0,2020081,7203.00,49152,0.00,75464,6962.90,0,0.00,41735,3341.39,23129,2200.92
939.199731832,FluidGamelan,S,4780,4779,4779,29.88,29.98,2179,28,196,121,61.83,38.17,20,0,4,92859,10.61,523112,523112,1780,18832,18832,0,2020761,6796.17,49152,0.00,76200,7355.85,0,0.00,42075,3398.08,23354,2248.73
939.299683308,FluidGamelan,S,4780,4779,4779,29.97,40.02,2179,28,198,123,61.68,38.32,20,0,4,92859,10.71,523112,523112,1780,18832,18832,0,2021477,7163.48,49152,0.00,76940,7403.59,0,0.00,42407,3321.61,23576,2221.08
939.399712956,FluidGamelan,S,4780,4779,4779,29.97,29.99,2179,28,200,124,61.73,38.27,20,0,4,92859,10.81,523112,523112,1780,18832,18832,0,2022149,6718.01,49152,0.00,77620,6797.98,0,0.00,42743,3359.00,23794,2179.35
939.499672845,FluidGamelan,S,4780,4779,4779,29.97,30.01,2179,28,202,125,61.77,38.23,20,0,4,92859,10.91,523112,523112,1780,18832,18832,0,2022860,7112.85,49152,0.00,78339,7192.89,0,0.00,43073,3301.32,24016,2220.89
939.599709412,FluidGamelan,S,4780,4779,4779,29.97,29.99,2179,28,204,126,61.82,38.18,20,0,4,92859,11.01,523112,523112,1780,18832,18832,0,2023490,6297.70,49152,0.00,79041,7017.43,0,0.00,43388,3148.85,24235,2189.20
939.699715068,FluidGamelan,S,4780,4779,4779,30.06,40.00,2179,28,206,128,61.68,38.32,20,0,4,92859,11.11,523112,523112,1780,18832,18832,0,2024168,6779.62,49152,0.00,79719,6779.62,0,0.00,43701,3129.82,24451,2159.88
939.799696599,FluidGamelan,S,4780,4779,4779,29.97,20.00,2179,28,208,128,61.90,38.10,20,0,4,92859,11.21,523112,523112,1780,18832,18832,0,2024790,6221.15,49152,0.00,80373,6541.21,0,0.00,44012,3110.57,24664,2130.39
939.899729770,FluidGamelan,S,4780,4779,4779,29.89,19.99,2179,28,210,128,62.13,37.87,20,0,4,92859,11.31,523112,523112,1780,18832,18832,0,2025500,7097.65,49152,0.00,81051,6777.75,0,0.00,44341,3288.91,24880,2159.28
939.999721148,FluidGamelan,S,4780,4779,4779,29.97,40.00,2179,28,211,131,61.70,38.30,20,0,4,92859,11.41,523112,523112,1780,18832,18832,0,2026160,6600.57,49152,0.00,81727,6760.58,0,0.00,44671,3300.28,25094,2140.18
940.099742883,FluidGamelan,S,4780,4779,4779,29.89,20.00,2179,28,213,131,61.92,38.08,20,0,4,92859,11.51,523112,523112,1780,18832,18832,0,2026832,6718.54,49152,0.00,82391,6638.56,0,0.00,44981,3099.33,25310,2159.53
940.199690495,FluidGamelan,S,4780,4779,4779,29.89,30.02,2179,28,214,133,61.67,38.33,20,0,4,92859,11.61,523112,523112,1780,18832,18832,0,2027504,6723.52,49152,0.00,83071,6803.56,0,0.00,45317,3361.76,25528,2181.14
940.299686955,FluidGamelan,S,4780,4779,4779,29.97,40.00,2179,28,216,135,61.54,38.46,20,0,4,92859,11.71,523112,523112,1780,18832,18832,0,2028212,7080.25,49152,0.00,83787,7160.25,0,0.00,45645,3280.12,25747,2190.08
940.399682774,FluidGamelan,S,4780,4779,4779,29.89,20.00,2179,28,216,137,61.19,38.81,20,0,4,92859,11.81,523112,523112,1780,18832,18832,0,2028850,6380.27,49152,0.00,84465,6780.28,0,0.00,45964,3190.13,25963,2160.09
940.499657397,FluidGamelan,S,4780,4779,4779,29.89,30.01,2179,28,218,138,61.24,38.76,20,0,4,92859,11.91,523112,523112,1780,18832,18832,0,2029538,6881.75,49152,0.00,85153,6881.75,0,0.00,46282,3180.81,26182,2190.56
940.599657460,FluidGamelan,S,4780,4779,4779,29.89,30.00,2179,28,219,140,61.00,39.00,20,0,4,92859,12.01,523112,523112,1780,18832,18832,0,2030158,6200.00,49152,0.00,85853,7000.00,0,0.00,46592,3100.00,26399,2170.00
940.699659078,FluidGamelan,S,4780,4779,4779,29.89,30.00,2179,28,221,141,61.05,38.95,20,0,4,92859,12.11,523112,523112,1780,18832,18832,0,2030868,7099.89,49152,0.00,86563,7099.89,0,0.00,46921,3289.95,26619,2199.96
940.799696373,FluidGamelan,S,4780,4779,4779,29.73,10.00,2179,28,222,141,61.16,38.84,20,0,4,92859,12.21,523112,523112,1780,18832,18832,0,2031490,6217.68,49152,0.00,87249,6857.44,0,0.00,47232,3108.84,26836,2169.19
940.899639915,FluidGamelan,S,4780,4779,4779,29.65,20.01,2179,28,223,142,61.10,38.90,20,0,4,92859,12.31,523112,523112,1780,18832,18832,0,2032129,6393.61,49152,0.00,87952,7033.97,0,0.00,47525,2931.66,27056,2201.24
940.999771958,FluidGamelan,S,4780,4779,4779,29.60,19.97,2179,28,225,142,61.31,38.69,20,0,4,92859,12.40,523112,523112,1780,18832,18832,0,2032760,6301.68,49152,0.00,88647,6940.84,0,0.00,47839,3135.86,27275,2187.11
941.099696917,FluidGamelan,S,4780,4779,4779,29.42,10.01,2179,28,226,142,61.41,38.59,20,0,4,92859,12.51,523112,523112,1780,18832,18832,0,2033414,6544.91,49152,0.00,89293,6464.85,0,0.00,48140,3012.26,27487,2121.59
941.199653009,FluidGamelan,S,4780,4779,4779,29.42,30.01,2179,28,228,143,61.46,38.54,20,0,4,92859,12.61,523112,523112,1780,18832,18832,0,2034060,6462.84,49152,0.00,90011,7183.15,0,0.00,48463,3231.42,27708,2210.97
941.299626058,FluidGamelan,S,4780,4779,4779,29.37,20.01,2179,28,229,144,61.39,38.61,20,0,4,92859,12.70,523112,523112,1780,18832,18832,0,2034744,6841.84,49152,0.00,90711,7001.89,0,0.00,48779,3160.85,27925,2170.58
941.399725513,FluidGamelan,S,4780,4779,4779,29.27,19.98,2179,28,231,144,61.60,38.40,20,0,4,92859,12.81,523112,523112,1780,18832,18832,0,2035382,6373.66,49152,0.00,91437,7252.79,0,0.00,49097,3176.84,28147,2217.79
941.499701622,FluidGamelan,S,4780,4779,4779,29.20,20.00,2179,28,233,144,61.80,38.20,20,0,4,92859,12.91,523112,523112,1780,18832,18832,0,2036058,6761.62,49152,0.00,92145,7081.69,0,0.00,49408,3110.74,28365,2180.52
941.599675359,FluidGamelan,S,4780,4779,4779,29.13,20.01,2179,28,235,144,62.01,37.99,20,0,4,92859,13.01,523112,523112,1780,18832,18832,0,2036704,6461.70,49152,0.00,92887,7421.95,0,0.00,49731,3230.85,28589,2240.59
941.699625862,FluidGamelan,S,4780,4779,4779,29.08,20.01,2179,28,236,145,61.94,38.06,20,0,4,92859,13.10,523112,523112,1780,18832,18832,0,2037382,6783.36,49152,0.00,93589,7023.48,0,0.00,50044,3131.55,28808,2191.08
941.799714486,FluidGamelan,S,4780,4779,4779,28.94,9.99,2179,28,236,146,61.78,38.22,20,0,4,92859,13.20,523112,523112,1780,18832,18832,0,2038004,6214.49,49152,0.00,94259,6694.07,0,0.00,50355,3107.25,29023,2148.10
941.899678555,FluidGamelan,S,4780,4779,4779,28.93,30.01,2179,28,238,147,61.82,38.18,20,0,4,92859,13.31,523112,523112,1780,18832,18832,0,2038707,7032.53,49152,0.00,94986,7272.61,0,0.00,50680,3251.17,29246,2230.80
941.999691088,FluidGamelan,S,4780,4779,4779,28.86,20.00,2179,28,239,148,61.76,38.24,20,0,4,92859,13.41,523112,523112,1780,18832,18832,0,2039319,6119.23,49152,0.00,95702,7159.10,0,0.00,50986,3059.62,29465,2189.73
942.099624162,FluidGamelan,S,4780,4779,4779,28.81,20.01,2179,28,241,148,61.95,38.05,20,0,4,92859,13.50,523112,523112,1780,18832,18832,0,2039994,6754.52,49152,0.00,96409,7074.73,0,0.00,51297,3112.08,29682,2171.45
942.199712377,FluidGamelan,S,4780,4779,4779,28.80,29.97,2179,28,242,150,61.73,38.27,20,0,4,92859,13.61,523112,523112,1780,18832,18832,0,2040628,6334.41,49152,0.00,97139,7293.57,0,0.00,51614,3167.21,29908,2258.01
942.299715409,FluidGamelan,S,4780,4779,4779,28.81,30.00,2179,28,245,150,62.03,37.97,20,0,4,92859,13.71,523112,523112,1780,18832,18832,0,2041312,6839.79,49152,0.00,97847,7079.79,0,0.00,51930,3159.90,30126,2179.93
942.399681364,FluidGamelan,S,4780,4779,4779,28.82,30.01,2179,28,247,151,62.06,37.94,20,0,4,92859,13.81,523112,523112,1780,18832,18832,0,2041942,6302.15,49152,0.00,98597,7502.55,0,0.00,52245,3151.07,30351,2250.77
942.499624313,FluidGamelan,S,4780,4779,4779,28.78,20.01,2179,28,248,152,62.00,38.00,20,0,4,92859,13.90,523112,523112,1780,18832,18832,0,2042630,6883.93,49152,0.00,99317,7204.11,0,0.00,52557,3121.78,30574,2231.27
942.599656636,FluidGamelan,S,4780,4779,4779,28.79,29.99,2179,28,250,153,62.03,37.97,20,0,4,92859,14.00,523112,523112,1780,18832,18832,0,2043286,6557.88,49152,0.00,100069,7517.57,0,0.00,52885,3278.94,30801,2269.27
942.699629431,FluidGamelan,S,4780,4779,4779,28.72,20.01,2179,28,251,154,61.98,38.02,20,0,4,92859,14.10,523112,523112,1780,18832,18832,0,2043947,6611.80,49152,0.00,100786,7171.95,0,0.00,53189,3040.83,31021,2200.60
942.799625069,FluidGamelan,S,4780,4779,4779,28.59,10.00,2179,28,251,155,61.82,38.18,20,0,4,92859,14.20,523112,523112,1780,18832,18832,0,2044548,6010.26,49152,0.00,101523,7370.32,0,0.00,53484,2950.13,31247,2260.10
942.899846853,FluidGamelan,S,4780,4779,4779,28.44,9.98,2179,28,252,155,61.92,38.08,20,0,4,92859,14.31,523112,523112,1780,18832,18832,0,2045193,6435.73,49152,0.00,102216,6914.66,0,0.00,53773,2883.60,31464,2165.20
942.999622740,FluidGamelan,S,4780,4779,4779,28.33,10.02,2179,28,252,156,61.76,38.24,20,0,4,92859,14.40,523112,523112,1780,18832,18832,0,2045783,5913.25,49152,0.00,102910,6955.59,0,0.00,54063,2906.51,31682,2184.90
943.099632884,FluidGamelan,S,4780,4779,4779,28.21,10.00,2179,28,253,156,61.86,38.14,20,0,4,92859,14.50,523112,523112,1780,18832,18832,0,2046460,6769.31,49152,0.00,103627,7169.27,0,0.00,54373,3099.69,31902,2199.78
943.199639006,FluidGamelan,S,4780,4779,4779,28.08,10.00,2179,28,253,157,61.71,38.29,20,0,4,92859,14.60,523112,523112,1780,18832,18832,0,2047104,6439.61,49152,0.00,104352,7249.56,0,0.00,54693,3199.80,32123,2209.86
943.299650999,FluidGamelan,S,4780,4779,4779,27.96,10.00,2179,28,254,157,61.80,38.20,20,0,4,92859,14.70,523112,523112,1780,18832,18832,0,2047784,6799.18,49152,0.00,105015,6629.20,0,0.00,55009,3159.62,32338,2149.74
943.399621771,FluidGamelan,S,4780,4779,4779,27.91,20.01,2179,28,255,158,61.74,38.26,20,0,4,92859,14.80,523112,523112,1780,18832,18832,0,2048409,6251.83,49152,0.00,105696,6811.99,0,0.00,55319,3100.91,32550,2120.62
943.499662145,FluidGamelan,S,4780,4779,4779,27.72,0.00,2179,28,255,158,61.74,38.26,20,0,4,92859,14.90,523112,523112,1780,18832,18832,0,2049098,6887.22,49152,0.00,106337,6407.41,0,0.00,55635,3158.72,32757,2069.16
943.599655618,FluidGamelan,S,4780,4779,4779,27.60,10.00,2179,28,255,159,61.59,38.41,20,0,4,92859,15.00,523112,523112,1780,18832,18832,0,2049719,6210.41,49152,0.00,107070,7330.48,0,0.00,55945,3100.20,32979,2220.14
943.699636052,FluidGamelan,S,4780,4779,4779,27.55,20.00,2179,28,256,160,61.54,38.46,20,0,4,92859,15.10,523112,523112,1780,18832,18832,0,2050421,7021.37,49152,0.00,107748,6781.33,0,0.00,56270,3250.64,33195,2160.42
943.799637209,FluidGamelan,S,4780,4779,4779,27.43,10.00,2179,28,256,161,61.39,38.61,20,0,4,92859,15.20,523112,523112,1780,18832,18832,0,2051057,6359.93,49152,0.00,108432,6839.92,0,0.00,56587,3169.96,33410,2149.98
943.899646878,FluidGamelan,S,4780,4779,4779,27.32,10.00,2179,28,257,161,61.48,38.52,20,0,4,92859,15.30,523112,523112,1780,18832,18832,0,2051726,6689.35,49152,0.00,109101,6689.35,0,0.00,56895,3079.70,33624,2139.79
943.999636310,FluidGamelan,S,4780,4779,4779,27.21,10.00,2179,28,257,162,61.34,38.66,20,0,4,92859,15.40,523112,523112,1780,18832,18832,0,2052359,6330.67,49152,0.00,109854,7530.80,0,0.00,57210,3150.33,33852,2280.24
944.099630984,FluidGamelan,S,4780,4779,4779,27.10,10.00,2179,28,258,162,61.43,38.57,20,0,4,92859,15.50,523112,523112,1780,18832,18832,0,2053029,6700.36,49152,0.00,110604,7500.40,0,0.00,57519,3090.16,34077,2250.12
944.199642410,FluidGamelan,S,4780,4779,4779,27.05,20.00,2179,28,259,163,61.37,38.63,20,0,4,92859,15.60,523112,523112,1780,18832,18832,0,2053659,6299.28,49152,0.00,111290,6859.22,0,0.00,57834,3149.64,34294,2169.75
944.299628312,FluidGamelan,S,4780,4779,4779,26.94,10.00,2179,28,259,164,61.23,38.77,20,0,4,92859,15.70,523112,523112,1780,18832,18832,0,2054325,6660.94,49152,0.00,111964,6740.95,0,0.00,58140,3060.43,34506,2120.30
944.399649142,FluidGamelan,S,4780,4779,4779,26.84,10.00,2179,28,260,164,61.32,38.68,20,0,4,92859,15.80,523112,523112,1780,18832,18832,0,2054938,6128.72,49152,0.00,112657,6928.56,0,0.00,58445,3049.36,34723,2169.55
944.499627849,FluidGamelan,S,4780,4779,4779,26.73,10.00,2179,28,261,164,61.41,38.59,20,0,4,92859,15.90,523112,523112,1780,18832,18832,0,2055608,6701.43,49152,0.00,113407,7501.60,0,0.00,58754,3090.66,34948,2250.48
944.599640266,FluidGamelan,S,4780,4779,4779,26.69,20.00,2179,28,262,165,61.36,38.64,20,0,4,92859,16.00,523112,523112,1780,18832,18832,0,2056254,6459.20,49152,0.00,114141,7339.09,0,0.00,59077,3229.60,35171,2229.72
944.699657327,FluidGamelan,S,4780,4779,4779,26.58,10.00,2179,28,263,165,61.45,38.55,20,0,4,92859,16.10,523112,523112,1780,18832,18832,0,2056921,6668.86,49152,0.00,114856,7148.78,0,0.00,59384,3069.48,35389,2179.63
944.799622083,FluidGamelan,S,4780,4779,4779,26.48,10.00,2179,28,264,165,61.54,38.46,20,0,4,92859,16.20,523112,523112,1780,18832,18832,0,2057545,6242.20,49152,0.00,115568,7122.51,0,0.00,59696,3121.10,35611,2220.78
944.899621110,FluidGamelan,S,4780,4779,4779,26.32,0.00,2179,28,264,165,61.54,38.46,20,0,4,92859,16.30,523112,523112,1780,18832,18832,0,2058255,7100.07,49152,0.00,116310,7420.07,0,0.00,60025,3290.03,35835,2240.02
944.999647052,FluidGamelan,S,4780,4779,4779,26.28,19.99,2179,28,265,166,61.48,38.52,20,0,4,92859,16.40,523112,523112,1780,18832,18832,0,2058876,6208.39,49152,0.00,117019,7088.16,0,0.00,60335,3099.20,36054,2189.43
945.099701157,FluidGamelan,S,4780,4779,4779,26.18,9.99,2179,28,266,166,61.57,38.43,20,0,4,92859,16.50,523112,523112,1780,18832,18832,0,2059562,6856.29,49152,0.00,117753,7336.03,0,0.00,60652,3168.29,36277,2228.79
945.199655613,FluidGamelan,S,4780,4779,4779,26.14,20.01,2179,28,267,167,61.52,38.48,20,0,4,92859,16.60,523112,523112,1780,18832,18832,0,2060223,6613.01,49152,0.00,118478,7253.30,0,0.00,60982,3301.50,36498,2211.01
945.299628786,FluidGamelan,S,4780,4779,4779,26.05,10.00,2179,28,267,168,61.38,38.62,20,0,4,92859,16.70,523112,523112,1780,18832,18832,0,2060949,7261.95,49152,0.00,119196,7181.93,0,0.00,61319,3370.90,36719,2210.59
945.399630959,FluidGamelan,S,4780,4779,4779,25.95,10.00,2179,28,268,168,61.47,38.53,20,0,4,92859,16.80,523112,523112,1780,18832,18832,0,2061529,5799.87,49152,0.00,119864,6679.85,0,0.00,61604,2849.94,36932,2129.95
945.499633647,FluidGamelan,S,4780,4779,4779,25.86,10.00,2179,28,269,168,61.56,38.44,20,0,4,92859,16.90,523112,523112,1780,18832,18832,0,2062232,7029.81,49152,0.00,120615,7509.80,0,0.00,61928,3239.91,37158,2259.94
945.599660197,FluidGamelan,S,4780,4779,4779,25.76,10.00,2179,28,269,169,61.42,38.58,20,0,4,92859,17.00,523112,523112,1780,18832,18832,0,2062824,5918.43,49152,0.00,121343,7278.07,0,0.00,62224,2959.21,37382,2239.41
945.699641423,FluidGamelan,S,4780,4779,4779,25.67,10.00,2179,28,270,169,61.50,38.50,20,0,4,92859,17.10,523112,523112,1780,18832,18832,0,2063491,6671.25,49152,0.00,121994,6511.22,0,0.00,62531,3070.58,37592,2100.39
945.799622426,FluidGamelan,S,4780,4779,4779,25.64,20.00,2179,28,271,170,61.45,38.55,20,0,4,92859,17.20,523112,523112,1780,18832,18832,0,2064107,6161.17,49152,0.00,122706,7121.35,0,0.00,62839,3080.59,37814,2220.42
945.899644885,FluidGamelan,S,4780,4779,4779,25.55,10.00,2179,28,272,170,61.54,38.46,20,0,4,92859,17.30,523112,523112,1780,18832,18832,0,2064783,6758.48,49152,0.00,123430,7238.37,0,0.00,63151,3119.30,38034,2199.51
945.999622655,FluidGamelan,S,4780,4779,4779,25.46,10.00,2179,28,272,171,61.40,38.60,20,0,4,92859,17.40,523112,523112,1780,18832,18832,0,2065404,6211.38,49152,0.00,124131,7011.56,0,0.00,63460,3090.69,38252,2180.48
946.099624372,FluidGamelan,S,4780,4779,4779,25.37,10.00,2179,28,273,171,61.49,38.51,20,0,4,92859,17.50,523112,523112,1780,18832,18832,0,2066096,6919.88,49152,0.00,124863,7319.87,0,0.00,63780,3199.95,38473,2209.96
946.199630946,FluidGamelan,S,4780,4779,4779,25.28,10.00,2179,28,274,171,61.57,38.43,20,0,4,92859,17.60,523112,523112,1780,18832,18832,0,2066736,6399.58,49152,0.00,125567,7039.54,0,0.00,64100,3199.79,38694,2209.85
946.299626642,FluidGamelan,S,4780,4779,4779,25.25,20.00,2179,28,275,172,61.52,38.48,20,0,4,92859,17.70,523112,523112,1780,18832,18832,0,2067406,6700.29,49152,0.00,126245,6780.29,0,0.00,64409,3090.13,38910,2160.09
946.399629239,FluidGamelan,S,4780,4779,4779,25.11,0.00,2179,28,275,172,61.52,38.48,20,0,4,92859,17.80,523112,523112,1780,18832,18832,0,2068012,6059.84,49152,0.00,126891,6459.83,0,0.00,64712,3029.92,39122,2119.94
946.499625766,FluidGamelan,S,4780,4779,4779,25.03,10.00,2179,28,276,172,61.61,38.39,20,0,4,92859,17.90,523112,523112,1780,18832,18832,0,2068710,6980.24,49152,0.00,127565,6740.23,0,0.00,65034,3220.11,39334,2120.07
946.599630361,FluidGamelan,S,4780,4779,4779,24.94,10.00,2179,28,277,172,61.69,38.31,20,0,4,92859,18.00,523112,523112,1780,18832,18832,0,2069340,6299.71,49152,0.00,128227,6619.70,0,0.00,65348,3139.86,39548,2139.90
946.699623044,FluidGamelan,S,4780,4779,4779,24.92,20.00,2179,28,278,173,61.64,38.36,20,0,4,92859,18.10,523112,523112,1780,18832,18832,0,2070014,6740.49,49152,0.00,128925,6980.51,0,0.00,65658,3100.23,39763,2150.16
946.799617970,FluidGamelan,S,4780,4779,4779,24.84,10.00,2179,28,279,173,61.73,38.27,20,0,4,92859,18.20,523112,523112,1780,18832,18832,0,2070660,6460.33,49152,0.00,129603,6780.34,0,0.00,65980,3220.16,39979,2160.11
946.899626758,FluidGamelan,S,4780,4779,4779,24.75,10.00,2179,28,280,173,61.81,38.19,20,0,4,92859,18.30,523112,523112,1780,18832,18832,0,2071378,7179.37,49152,0.00,130329,7259.36,0,0.00,66313,3329.71,40201,2219.80
946.999642471,FluidGamelan,S,4780,4779,4779,24.73,20.00,2179,28,281,174,61.76,38.24,20,0,4,92859,18.40,523112,523112,1780,18832,18832,0,2071970,5919.07,49152,0.00,131025,6958.91,0,0.00,66605,2919.54,40421,2199.65
947.099653787,FluidGamelan,S,4780,4779,4779,24.59,0.00,2179,28,281,174,61.76,38.24,20,0,4,92859,18.50,523112,523112,1780,18832,18832,0,2072508,5379.39,49152,0.00,131595,5699.36,0,0.00,66838,2329.74,40620,1989.77
947.199621115,FluidGamelan,S,4780,4779,4779,24.57,20.01,2179,28,282,175,61.71,38.29,20,0,4,92859,18.60,523112,523112,1780,18832,18832,0,2073146,6382.09,49152,0.00,132313,7182.35,0,0.00,67156,3181.04,40841,2210.72
947.299640514,FluidGamelan,S,4780,4779,4779,24.44,0.00,2179,28,282,175,61.71,38.29,20,0,4,92859,18.70,523112,523112,1780,18832,18832,0,2073830,6838.67,49152,0.00,133045,7318.58,0,0.00,67472,3159.39,41062,2209.57
947.399627700,FluidGamelan,S,4780,4779,4779,24.36,10.00,2179,28,283,175,61.79,38.21,20,0,4,92859,18.80,523112,523112,1780,18832,18832,0,2074462,6320.81,49152,0.00,133789,7440.95,0,0.00,67788,3160.40,41288,2260.29
947.499638728,FluidGamelan,S,4780,4779,4779,24.27,10.00,2179,28,284,175,61.87,38.13,20,0,4,92859,18.91,523112,523112,1780,18832,18832,0,2075133,6709.26,49152,0.00,134516,7269.20,0,0.00,68097,3089.66,41511,2229.75
947.599685653,FluidGamelan,S,4780,4779,4779,24.26,19.99,2179,28,285,176,61.82,38.18,20,0,4,92859,19.00,523112,523112,1780,18832,18832,0,2075736,6027.17,49152,0.00,135239,7226.61,0,0.00,68398,3008.59,41730,2188.97
947.699650037,FluidGamelan,S,4780,4779,4779,24.19,10.00,2179,28,286,176,61.90,38.10,20,0,4,92859,19.10,523112,523112,1780,18832,18832,0,2076412,6762.41,49152,0.00,135963,7242.58,0,0.00,68709,3111.11,41950,2200.78
947.799639953,FluidGamelan,S,4780,4779,4779,24.11,10.00,2179,28,286,177,61.77,38.23,20,0,4,92859,19.20,523112,523112,1780,18832,18832,0,2077066,6540.66,49152,0.00,136697,7340.74,0,0.00,69036,3270.33,42173,2230.22
947.899625452,FluidGamelan,S,4780,4779,4779,24.04,10.00,2179,28,287,177,61.85,38.15,20,0,4,92859,19.30,523112,523112,1780,18832,18832,0,2077752,6860.99,49152,0.00,137431,7341.06,0,0.00,69353,3170.46,42396,2230.32
947.999633704,FluidGamelan,S,4780,4779,4779,23.97,10.00,2179,28,288,177,61.94,38.06,20,0,4,92859,19.40,523112,523112,1780,18832,18832,0,2078364,6119.50,49152,0.00,138155,7239.40,0,0.00,69659,3059.75,42616,2199.82
948.099649388,FluidGamelan,S,4780,4779,4779,23.90,10.00,2179,28,289,177,62.02,37.98,20,0,4,92859,19.50,523112,523112,1780,18832,18832,0,2079036,6718.95,49152,0.00,138891,7358.85,0,0.00,69969,3099.51,42841,2249.65
948.199658249,FluidGamelan,S,4780,4779,4779,23.83,10.00,2179,28,289,178,61.88,38.12,20,0,4,92859,19.60,523112,523112,1780,18832,18832,0,2079664,6279.44,49152,0.00,139599,7079.37,0,0.00,70283,3139.72,43059,2179.81
948.299640257,FluidGamelan,S,4780,4779,4779,23.76,10.00,2179,28,290,178,61.97,38.03,20,0,4,92859,19.70,523112,523112,1780,18832,18832,0,2080366,7021.26,49152,0.00,140317,7181.29,0,0.00,70607,3240.58,43280,2210.40
948.399644142,FluidGamelan,S,4780,4779,4779,23.74,20.00,2179,28,291,179,61.91,38.09,20,0,4,92859,19.80,523112,523112,1780,18832,18832,0,2080969,6029.77,49152,0.00,141016,6989.73,0,0.00,70908,3009.88,43496,2159.92
948.499623440,FluidGamelan,S,4780,4779,4779,23.62,0.00,2179,28,291,179,61.91,38.09,20,0,4,92859,19.90,523112,523112,1780,18832,18832,0,2081657,6881.42,49152,0.00,141728,7121.47,0,0.00,71223,3150.65,43718,2220.46
